-- MVP 시드 데이터 (F005 seed 범위, 최대 1,000개 확장 파이프라인은 Phase 99 보류).
-- 프로토타입 v3의 REPOS/ISSUES 목업과 동일한 6개 레포로 연속성을 유지한다.

INSERT INTO repositories (id, owner_login, name, full_name, description, primary_language, topics,
    repo_url, public_benefit_summary, recent_activity_summary, contribution_docs_quality,
    external_pr_responsiveness, fit_score, caution_note, stars, created_at)
VALUES
('11111111-1111-1111-1111-111111111101', 'TEAMMATES', 'teammates', 'TEAMMATES/teammates',
    '대학 수업에서 학생들이 서로 평가·피드백을 주고받게 돕는 교육용 피드백 관리 웹앱',
    'Java', 'education,angular,java', 'https://github.com/TEAMMATES/teammates',
    '대학 교육 현장에서 무료로 쓰이는 공익 교육 도구', '최근 6개월 내 커밋·릴리스 활발',
    'CONTRIBUTING.md와 PR 템플릿이 잘 정리됨', '평균 8시간 내 첫 코멘트 (최근 PR 30건 기준)',
    92.0, '대형 모노레포라 초기 빌드 시간이 김', 2400, now()),
('11111111-1111-1111-1111-111111111102', 'date-fns', 'date-fns', 'date-fns/date-fns',
    '날짜를 다루는 자바스크립트 유틸리티 라이브러리', 'TypeScript', 'javascript,dates,typescript',
    'https://github.com/date-fns/date-fns', '전 세계 프론트엔드 개발자가 쓰는 오픈소스 유틸',
    '문서 개선 이슈가 꾸준히 열림', '문서 기여 가이드가 명확함', '평균 1~2일 내 응답',
    78.0, '핵심 로직 변경은 리뷰가 까다로움', 1600, now()),
('11111111-1111-1111-1111-111111111103', 'DavidAnson', 'markdownlint', 'DavidAnson/markdownlint',
    '마크다운 문서 형식을 검사해주는 Node.js 린터', 'JavaScript', 'markdown,linter,node',
    'https://github.com/DavidAnson/markdownlint', '개발자 문서 품질을 높이는 데 널리 쓰이는 도구',
    '이슈·PR 응답이 꾸준함', '규칙 문서화가 잘 되어 있음', '평균 2~3일 내 응답',
    71.0, '규칙 로직은 정규식 기반이라 세밀한 이해 필요', 900, now()),
('11111111-1111-1111-1111-111111111104', 'freeCodeCamp', 'freeCodeCamp', 'freeCodeCamp/freeCodeCamp',
    '무료로 코딩을 가르치는 대형 교육 플랫폼', 'JavaScript', 'education,curriculum,translation',
    'https://github.com/freeCodeCamp/freeCodeCamp', '전 세계 수백만 학습자를 위한 무료 교육 콘텐츠',
    '번역 기여가 매우 활발함', '번역 가이드 문서가 별도로 존재', '커뮤니티 봉사자가 응답, 다소 느릴 수 있음',
    69.0, '대형 리포지토리라 CI가 오래 걸림', 41000, now()),
('11111111-1111-1111-1111-111111111105', 'excalidraw', 'excalidraw', 'excalidraw/excalidraw',
    '손그림 느낌의 온라인 화이트보드 협업 도구', 'TypeScript', 'react,whiteboard,canvas',
    'https://github.com/excalidraw/excalidraw', '누구나 무료로 쓸 수 있는 오픈소스 협업 도구',
    '작은 UI·접근성 이슈가 꾸준히 열림', 'a11y 관련 이슈에 라벨이 잘 붙어 있음', '평균 1~2일 내 응답',
    66.0, '캔버스 렌더링 코드는 이해에 시간이 걸릴 수 있음', 3300, now()),
('11111111-1111-1111-1111-111111111106', 'colinhacks', 'zod', 'colinhacks/zod',
    '타입스크립트 데이터 검증 라이브러리', 'TypeScript', 'typescript,validation,schema',
    'https://github.com/colinhacks/zod', '오픈소스 생태계 전반에서 널리 쓰이는 검증 라이브러리',
    '문서 예제 추가 이슈가 종종 열림', 'README 구조가 기능별로 잘 정리됨', '평균 1~3일 내 응답',
    63.0, '핵심 타입 추론 로직은 난이도가 높음', 2900, now());

INSERT INTO issues (id, repository_id, number, title, url, summary, contribution_type,
    estimated_scope, difficulty, assignee, linked_pr_url, last_updated_at, state)
VALUES
('22222222-2222-2222-2222-222222222201', '11111111-1111-1111-1111-111111111101', 12603,
    'Typo in instructor help page', 'https://github.com/TEAMMATES/teammates/issues/12603',
    '강사 도움말 화면에 오타(Sessios→Sessions)가 있음', 'docs', '파일 1개, 한 줄 수정', 'EASY',
    NULL, NULL, now(), 'OPEN'),
('22222222-2222-2222-2222-222222222202', '11111111-1111-1111-1111-111111111101', 12588,
    'Add tooltip to feedback session table header', 'https://github.com/TEAMMATES/teammates/issues/12588',
    '표 헤더 용어가 어려워 사용자가 헷갈림 — 호버 툴팁 추가 필요', 'frontend', '파일 1~3개', 'MEDIUM',
    NULL, NULL, now(), 'OPEN'),
('22222222-2222-2222-2222-222222222203', '11111111-1111-1111-1111-111111111102', 3502,
    'Add usage example to format() docs', 'https://github.com/date-fns/date-fns/issues/3502',
    'format() 함수 문서에 실사용 예제가 없음', 'docs', '문서 1개', 'EASY',
    NULL, NULL, now(), 'OPEN'),
('22222222-2222-2222-2222-222222222204', '11111111-1111-1111-1111-111111111103', 4821,
    'Clarify MD013 rule description', 'https://github.com/DavidAnson/markdownlint/issues/4821',
    'MD013(줄 길이) 규칙 설명이 모호함', 'docs', '문서 1개', 'EASY',
    NULL, NULL, now(), 'OPEN'),
('22222222-2222-2222-2222-222222222205', '11111111-1111-1111-1111-111111111104', 55210,
    'Translate lesson intro to Korean', 'https://github.com/freeCodeCamp/freeCodeCamp/issues/55210',
    '영어 강의 소개글의 한국어 번역이 없음', 'translation', '문서 1개(신규 파일)', 'EASY',
    NULL, NULL, now(), 'OPEN'),
('22222222-2222-2222-2222-222222222206', '11111111-1111-1111-1111-111111111105', 7841,
    'Add aria-label to toolbar button', 'https://github.com/excalidraw/excalidraw/issues/7841',
    '툴바 버튼에 스크린리더용 aria-label이 빠져 있음', 'frontend', '파일 1개', 'EASY',
    NULL, NULL, now(), 'OPEN'),
('22222222-2222-2222-2222-222222222207', '11111111-1111-1111-1111-111111111106', 3120,
    'Add example for z.union() in README', 'https://github.com/colinhacks/zod/issues/3120',
    'z.union() 사용 예제가 문서에 없음', 'docs', '문서 1개', 'EASY',
    NULL, NULL, now(), 'OPEN');

INSERT INTO issue_profiles (id, issue_id, current_problem, expected_outcome, completion_criteria, created_at)
VALUES
('33333333-3333-3333-3333-333333333301', '22222222-2222-2222-2222-222222222201',
    '도움말 문구에 오타(Sessios→Sessions)', '올바른 문구로 표시', '오타 수정 · 프론트 빌드 통과', now()),
('33333333-3333-3333-3333-333333333302', '22222222-2222-2222-2222-222222222202',
    '헤더 용어가 처음 보는 사용자에게 불명확', '헤더에 호버 시 설명 툴팁 표시', '툴팁 표시 · 접근성(aria) · 기존 테스트 통과', now()),
('33333333-3333-3333-3333-333333333303', '22222222-2222-2222-2222-222222222203',
    'format() 문서에 예제 부족', '실사용 예제 추가', '예제 추가 · 렌더 확인', now()),
('33333333-3333-3333-3333-333333333304', '22222222-2222-2222-2222-222222222204',
    'MD013 설명이 모호', '명확한 설명으로 수정', '문구 수정 · 링크 확인', now()),
('33333333-3333-3333-3333-333333333305', '22222222-2222-2222-2222-222222222205',
    '한국어 번역 부재', '자연스러운 한국어 번역', '번역 · 용어 일관성', now()),
('33333333-3333-3333-3333-333333333306', '22222222-2222-2222-2222-222222222206',
    '버튼에 aria-label 없음', '접근성 라벨 추가', 'aria-label · 테스트 통과', now()),
('33333333-3333-3333-3333-333333333307', '22222222-2222-2222-2222-222222222207',
    'z.union() 예제 없음', '예제 추가', '예제 추가 · 렌더 확인', now());
